{
  "scale": 0.0,
  "effects": {
    "sky_color": 8103167,
    "fog_color": 12638463,
    "water_color": 4445678,
    "water_fog_color": 270131
  },
  "surface_builder": "minecraft:grass",
  "carvers": {},
  "features": [
    [
      "minecraft:ore_gravel",
      "minecraft:ore_granite",
      "minecraft:ore_diorite",
      "minecraft:ore_andesite",
      "minecraft:ore_coal",
      "minecraft:ore_iron",
      "minecraft:ore_gold",
      "minecraft:ore_redstone",
      "minecraft:ore_diamond",
      "minecraft:ore_lapis",
      "minecraft:ore_emerald",
	  "mining_dimension:mekanism_osmium",
	  "mining_dimension:mekanism_tin",
	  "mining_dimension:mekanism_fluorite",
      "minecraft:disk_clay"
    ]
  ],
  "starts": [],
  "spawners": {
    "monster": [],
    "creature": [],
    "ambient": [],
    "water_creature": [],
    "water_ambient": [],
    "misc": []
  },
  "spawn_costs": {},
  "player_spawn_friendly": false,
  "precipitation": "none",
  "temperature": 1.0,
  "downfall": 1.0,
  "category": "plains",
  "depth": 0.0
}