{
  "bedrock_roof_position": -10,
  "bedrock_floor_position": 0,
  "sea_level": 0,
  "disable_mob_generation": true,
  "structures": {
    "structures": {
    }
  },
  "noise": {
    "random_density_offset": false,
    "density_factor": 1.0,
    "density_offset": 0.0,
    "simplex_surface_noise": true,
    "bottom_slide": {
      "target": -1.0,
      "size": 0,
      "offset": 0
    },
    "size_horizontal": 1,
    "size_vertical": 2,
    "height": 128,
    "sampling": {
      "xz_scale": 1,
      "y_scale": 1,
      "xz_factor": 80.0,
      "y_factor": 160.0
    },
    "top_slide": {
      "target": -1.0,
      "size": 0,
      "offset": 0
    }
  },
  "default_block": {
    "Name": "minecraft:stone"
  },
  "default_fluid": {
    "Name": "minecraft:air"
  }
}