{
  "scale": 1,
  "effects": {
    "mood_sound": {
      "sound": "minecraft:ambient.cave",
      "tick_delay": 6000,
      "block_search_extent": 8,
      "offset": 2.0
    },
    "sky_color": 0,
    "fog_color": 0,
    "water_color": 4159204,
    "water_fog_color": 329011
  },
  "surface_builder": "mining_dimension:mining",
  "carvers": {
    "air": [
      "minecraft:cave",
      "minecraft:canyon"
    ]
  },
  "features": [
    [
      "minecraft:lake_water",
      "minecraft:lake_lava",
      "minecraft:monster_room",
      "minecraft:ore_dirt",
      "minecraft:ore_gravel",
      "minecraft:ore_granite",
      "minecraft:ore_diorite",
      "minecraft:ore_andesite",
      "mining_dimension:ore_coal",
      "mining_dimension:ore_iron",
      "mining_dimension:ore_gold",
      "mining_dimension:ore_redstone",
      "mining_dimension:ore_diamond",
      "mining_dimension:ore_lapis",
      "mining_dimension:ore_emerald",
	  "mining_dimension:mekanism_osmium",
	  "mining_dimension:mekanism_tin",
	  "mining_dimension:mekanism_fluorite",
	  "mining_dimension:mekanism_uranium",
	  "mining_dimension:immersive_silver",
	  "mining_dimension:immersive_bauxite",
	  "mining_dimension:immersive_nickel",
      "minecraft:disk_sand",
      "minecraft:disk_clay",
      "minecraft:disk_gravel"
    ]
  ],
  "starts": [
    "minecraft:mineshaft",
    "minecraft:ruined_portal"
  ],
  "spawners": {
    "monster": [
      {
        "type": "minecraft:spider",
        "weight": 100,
        "minCount": 72,
        "maxCount": 108
      },
      {
        "type": "minecraft:zombie",
        "weight": 95,
        "minCount": 72,
        "maxCount": 108
      },
      {
        "type": "minecraft:zombie_villager",
        "weight": 5,
        "minCount": 18,
        "maxCount": 27
      },
      {
        "type": "minecraft:skeleton",
        "weight": 100,
        "minCount": 72,
        "maxCount": 108
      },
      {
        "type": "minecraft:creeper",
        "weight": 100,
        "minCount": 72,
        "maxCount": 108
      },
      {
        "type": "minecraft:slime",
        "weight": 100,
        "minCount": 72,
        "maxCount": 108
      },
      {
        "type": "minecraft:enderman",
        "weight": 10,
        "minCount": 36,
        "maxCount": 108
      },
      {
        "type": "minecraft:witch",
        "weight": 5,
        "minCount": 36,
        "maxCount": 96
      }
    ],
    "creature": [],
    "ambient": [],
    "water_creature": [],
    "water_ambient": [],
    "misc": []
  },
  "spawn_costs": {},
  "player_spawn_friendly": false,
  "precipitation": "none",
  "temperature": 0.6,
  "downfall": 0.0,
  "category": "none",
  "depth": 0.1
}